life_course_id,n_nodes,record_ids,birth_year_estimates,issues,flagged
0,2,"['C00000', 'R02231']","[1785, 1785]",[],False
1,2,"['C00002', 'R01149']","[1827, 1828]",[],False
2,2,"['C00007', 'R01165']","[1840, 1838]",[],False
3,2,"['C00008', 'R02379']","[1831, 1830]",[],False
4,2,"['C00015', 'R02919']","[1822, 1821]",[],False
5,2,"['C00026', 'R00979']","[1833, 1835]",[],False
6,2,"['C00027', 'R00125']","[1795, 1794]",[],False
7,2,"['C00029', 'R02834']","[1803, 1802]",[],False
8,2,"['C00032', 'R00999']","[1799, 1798]",[],False
9,2,"['C00033', 'R02723']","[1810, 1810]",[],False
10,2,"['C00035', 'R00469']","[1838, 1839]",[],False
11,2,"['C00036', 'R00545']","[1784, 1785]",[],False
12,2,"['C00040', 'R00695']","[1783, 1783]",[],False
13,2,"['C00043', 'R02634']","[1786, 1787]",[],False
14,2,"['C00045', 'R01932']","[1789, 1791]",[],False
15,2,"['C00052', 'R02267']","[1788, 1789]",[],False
16,2,"['C00060', 'R01108']","[1784, 1785]",[],False
17,2,"['C00068', 'R02280']","[1819, 1817]",[],False
18,2,"['C00069', 'R00720']","[1803, 1805]",[],False
19,2,"['C00071', 'R00953']","[1839, 1839]",[],False
20,2,"['C00073', 'R01440']","[1794, 1793]",[],False
21,2,"['C00074', 'R01470']","[1811, 1812]",[],False
22,2,"['C00076', 'R01943']","[1829, 1829]",[],False
23,2,"['C00079', 'R02642']","[1818, 1818]",[],False
24,2,"['C00080', 'R01582']","[1837, 1837]",[],False
25,2,"['C00081', 'R02302']","[1800, 1799]",[],False
26,2,"['C00082', 'R02343']","[1835, 1835]",[],False
27,2,"['C00084', 'R01116']","[1822, 1822]",[],False
28,2,"['C00088', 'R02947']","[1825, 1825]",[],False
29,2,"['C00091', 'R01241']","[1807, 1807]",[],False
30,2,"['C00093', 'R02263']","[1829, 1827]",[],False
31,2,"['C00096', 'R01111']","[1805, 1805]",[],False
32,4,"['C00098', 'C00669', 'R01527', 'R01556']","[1802, 1802, 1803, 1803]",['multi_match'],True
33,2,"['C00104', 'R02908']","[1830, 1832]",[],False
34,2,"['C00106', 'R01128']","[1797, 1795]",[],False
35,2,"['C00109', 'R02368']","[1820, 1822]",[],False
36,2,"['C00110', 'R00153']","[1799, 1797]",[],False
37,2,"['C00119', 'R01297']","[1832, 1831]",[],False
38,2,"['C00120', 'R01715']","[1839, 1838]",[],False
39,2,"['C00121', 'R02530']","[1827, 1827]",[],False
40,2,"['C00126', 'R02806']","[1794, 1796]",[],False
41,2,"['C00130', 'R02937']","[1787, 1789]",[],False
42,2,"['C00132', 'R02391']","[1812, 1813]",[],False
43,2,"['C00133', 'R01631']","[1839, 1839]",[],False
44,2,"['C00139', 'R00108']","[1837, 1836]",[],False
45,2,"['C00142', 'R01085']","[1796, 1796]",[],False
46,2,"['C00147', 'R01492']","[1787, 1787]",[],False
47,2,"['C00148', 'R00440']","[1830, 1830]",[],False
48,2,"['C00150', 'R00399']","[1836, 1836]",[],False
49,2,"['C00151', 'R00786']","[1802, 1802]",[],False
50,2,"['C00152', 'R01589']","[1825, 1825]",[],False
51,3,"['C00154', 'R00404', 'R02143']","[1784, 1783, 1781]",['multi_match'],True
52,2,"['C00156', 'R02860']","[1813, 1815]",[],False
53,2,"['C00159', 'R02653']","[1818, 1819]",[],False
54,2,"['C00166', 'R02694']","[1784, 1783]",[],False
55,2,"['C00169', 'R00998']","[1782, 1780]",[],False
56,2,"['C00170', 'R01600']","[1829, 1828]",[],False
57,2,"['C00171', 'R01885']","[1808, 1809]",[],False
58,2,"['C00175', 'R01523']","[1839, 1841]",[],False
59,4,"['C00176', 'C02539', 'R01337', 'R02778']","[1825, 1823, 1821, 1822]","['multi_match', 'birth_year_conflict']",True
60,2,"['C00179', 'R00376']","[1816, 1817]",[],False
61,2,"['C00180', 'R02557']","[1785, 1785]",[],False
62,2,"['C00182', 'R01898']","[1827, 1826]",[],False
63,2,"['C00187', 'R00456']","[1791, 1793]",[],False
64,2,"['C00188', 'R02909']","[1828, 1827]",[],False
65,3,"['C00189', 'C02827', 'R02885']","[1822, 1824, 1825]",['multi_match'],True
66,2,"['C00193', 'R00070']","[1819, 1821]",[],False
67,2,"['C00194', 'R02654']","[1837, 1837]",[],False
68,2,"['C00196', 'R01957']","[1787, 1788]",[],False
69,2,"['C00197', 'R01585']","[1836, 1835]",[],False
70,3,"['C00198', 'C02747', 'R02934']","[1811, 1812, 1810]",['multi_match'],True
71,3,"['C00199', 'R00849', 'R02658']","[1797, 1797, 1798]",['multi_match'],True
72,2,"['C00203', 'R02013']","[1830, 1831]",[],False
73,2,"['C00206', 'R02959']","[1796, 1798]",[],False
74,2,"['C00212', 'R00870']","[1822, 1821]",[],False
75,2,"['C00216', 'R01867']","[1834, 1835]",[],False
76,2,"['C00220', 'R00086']","[1809, 1811]",[],False
77,2,"['C00221', 'R01575']","[1788, 1787]",[],False
78,2,"['C00230', 'R01866']","[1798, 1797]",[],False
79,2,"['C00231', 'R00337']","[1793, 1795]",[],False
80,2,"['C00232', 'R02056']","[1808, 1809]",[],False
81,4,"['C00235', 'C02907', 'R01917', 'R01929']","[1817, 1815, 1815, 1817]",['multi_match'],True
82,2,"['C00238', 'R01493']","[1834, 1832]",[],False
83,2,"['C00241', 'R00934']","[1836, 1836]",[],False
84,2,"['C00243', 'R00498']","[1837, 1837]",[],False
85,2,"['C00245', 'R02618']","[1784, 1785]",[],False
86,4,"['C00251', 'C02615', 'R00426', 'R00557']","[1827, 1828, 1828, 1827]",['multi_match'],True
87,2,"['C00252', 'R02194']","[1798, 1799]",[],False
88,2,"['C00255', 'R02455']","[1790, 1789]",[],False
89,2,"['C00256', 'R00961']","[1833, 1834]",[],False
90,2,"['C00261', 'R02276']","[1830, 1829]",[],False
91,2,"['C00262', 'R01004']","[1791, 1790]",[],False
92,2,"['C00264', 'R02251']","[1812, 1810]",[],False
93,2,"['C00267', 'R00392']","[1821, 1822]",[],False
94,2,"['C00268', 'R01124']","[1794, 1793]",[],False
95,2,"['C00273', 'R02590']","[1812, 1811]",[],False
96,2,"['C00279', 'R01080']","[1808, 1808]",[],False
97,2,"['C00286', 'R00367']","[1828, 1827]",[],False
98,2,"['C00287', 'R01972']","[1794, 1792]",[],False
99,2,"['C00292', 'R00841']","[1778, 1779]",[],False
100,2,"['C00294', 'R02569']","[1803, 1803]",[],False
101,2,"['C00296', 'R02421']","[1827, 1826]",[],False
102,2,"['C00301', 'R02609']","[1824, 1825]",[],False
103,2,"['C00305', 'R01924']","[1804, 1803]",[],False
104,2,"['C00306', 'R02315']","[1795, 1797]",[],False
105,2,"['C00307', 'R02438']","[1838, 1837]",[],False
106,2,"['C00312', 'R00779']","[1786, 1785]",[],False
107,2,"['C00313', 'R01697']","[1784, 1786]",[],False
108,4,"['C00314', 'C01376', 'R01499', 'R01584']","[1802, 1803, 1802, 1802]",['multi_match'],True
109,2,"['C00315', 'R00819']","[1808, 1807]",[],False
110,2,"['C00320', 'R02466']","[1812, 1812]",[],False
111,2,"['C00321', 'R01882']","[1832, 1833]",[],False
112,2,"['C00323', 'R00651']","[1827, 1825]",[],False
113,2,"['C00326', 'R01496']","[1831, 1831]",[],False
114,2,"['C00327', 'R02076']","[1835, 1833]",[],False
115,2,"['C00331', 'R01660']","[1781, 1781]",[],False
116,2,"['C00332', 'R01293']","[1822, 1822]",[],False
117,2,"['C00334', 'R02088']","[1789, 1788]",[],False
118,2,"['C00336', 'R00904']","[1782, 1784]",[],False
119,3,"['C00339', 'R00189', 'R00926']","[1795, 1795, 1797]",['multi_match'],True
120,2,"['C00341', 'R02977']","[1840, 1838]",[],False
121,2,"['C00345', 'R00226']","[1788, 1789]",[],False
122,2,"['C00346', 'R00025']","[1839, 1838]",[],False
123,2,"['C00347', 'R01759']","[1821, 1819]",[],False
124,2,"['C00352', 'R00122']","[1825, 1823]",[],False
125,2,"['C00354', 'R00096']","[1804, 1804]",[],False
126,2,"['C00359', 'R00745']","[1804, 1804]",[],False
127,2,"['C00361', 'R02751']","[1836, 1836]",[],False
128,2,"['C00362', 'R02306']","[1792, 1790]",[],False
129,2,"['C00367', 'R01816']","[1812, 1812]",[],False
130,2,"['C00368', 'R01888']","[1834, 1835]",[],False
131,2,"['C00372', 'R01641']","[1823, 1823]",[],False
132,2,"['C00374', 'R00898']","[1834, 1833]",[],False
133,2,"['C00376', 'R02363']","[1814, 1814]",[],False
134,2,"['C00382', 'R01722']","[1837, 1836]",[],False
135,2,"['C00383', 'R02444']","[1790, 1790]",[],False
136,2,"['C00386', 'R02516']","[1801, 1801]",[],False
137,2,"['C00391', 'R00605']","[1799, 1798]",[],False
138,2,"['C00397', 'R01540']","[1796, 1795]",[],False
139,2,"['C00400', 'R00641']","[1828, 1830]",[],False
140,2,"['C00401', 'R01699']","[1817, 1815]",[],False
141,3,"['C00402', 'R01993', 'R02534']","[1812, 1813, 1811]",['multi_match'],True
142,2,"['C00404', 'R02686']","[1806, 1804]",[],False
143,2,"['C00405', 'R01433']","[1840, 1839]",[],False
144,2,"['C00407', 'R01752']","[1810, 1808]",[],False
145,2,"['C00408', 'R02507']","[1829, 1831]",[],False
146,2,"['C00410', 'R01220']","[1818, 1820]",[],False
147,2,"['C00413', 'R00969']","[1800, 1798]",[],False
148,2,"['C00414', 'R02829']","[1783, 1783]",[],False
149,2,"['C00417', 'R00587']","[1800, 1801]",[],False
150,2,"['C00419', 'R00853']","[1780, 1780]",[],False
151,2,"['C00420', 'R02188']","[1838, 1838]",[],False
152,2,"['C00423', 'R01414']","[1800, 1800]",[],False
153,2,"['C00424', 'R01744']","[1790, 1790]",[],False
154,2,"['C00425', 'R01177']","[1804, 1804]",[],False
155,2,"['C00426', 'R00546']","[1797, 1795]",[],False
156,2,"['C00432', 'R02175']","[1813, 1813]",[],False
157,2,"['C00435', 'R02069']","[1824, 1822]",[],False
158,2,"['C00436', 'R01352']","[1825, 1827]",[],False
159,2,"['C00438', 'R00006']","[1838, 1836]",[],False
160,2,"['C00440', 'R02181']","[1791, 1792]",[],False
161,2,"['C00444', 'R01215']","[1778, 1779]",[],False
162,2,"['C00445', 'R00310']","[1825, 1826]",[],False
163,2,"['C00448', 'R02147']","[1803, 1804]",[],False
164,2,"['C00450', 'R01329']","[1798, 1797]",[],False
165,2,"['C00451', 'R00646']","[1806, 1806]",[],False
166,2,"['C00454', 'R00492']","[1798, 1798]",[],False
167,2,"['C00461', 'R01154']","[1823, 1822]",[],False
168,2,"['C00465', 'R01480']","[1824, 1825]",[],False
169,2,"['C00467', 'R00021']","[1793, 1794]",[],False
170,2,"['C00469', 'R00700']","[1786, 1786]",[],False
171,2,"['C00471', 'R01942']","[1784, 1786]",[],False
172,2,"['C00473', 'R00576']","[1780, 1778]",[],False
173,2,"['C00474', 'R01760']","[1788, 1789]",[],False
174,2,"['C00475', 'R02754']","[1812, 1811]",[],False
175,2,"['C00476', 'R00289']","[1800, 1798]",[],False
176,2,"['C00477', 'R02837']","[1827, 1828]",[],False
177,2,"['C00479', 'R01089']","[1788, 1787]",[],False
178,2,"['C00488', 'R00433']","[1783, 1785]",[],False
179,2,"['C00495', 'R00439']","[1828, 1827]",[],False
180,2,"['C00501', 'R00950']","[1781, 1782]",[],False
181,2,"['C00502', 'R00446']","[1830, 1832]",[],False
182,2,"['C00503', 'R01309']","[1841, 1841]",[],False
183,2,"['C00507', 'R00360']","[1837, 1838]",[],False
184,2,"['C00509', 'R02843']","[1828, 1829]",[],False
185,2,"['C00510', 'R01639']","[1809, 1808]",[],False
186,2,"['C00511', 'R00749']","[1805, 1805]",[],False
187,2,"['C00515', 'R00885']","[1780, 1779]",[],False
188,2,"['C00517', 'R02102']","[1798, 1799]",[],False
189,2,"['C00519', 'R01634']","[1813, 1812]",[],False
190,2,"['C00520', 'R01434']","[1837, 1839]",[],False
191,2,"['C00522', 'R01178']","[1802, 1804]",[],False
192,2,"['C00524', 'R01013']","[1794, 1795]",[],False
193,2,"['C00525', 'R00256']","[1787, 1786]",[],False
194,2,"['C00526', 'R00448']","[1828, 1827]",[],False
195,2,"['C00530', 'R01768']","[1808, 1806]",[],False
196,2,"['C00533', 'R02396']","[1780, 1782]",[],False
197,2,"['C00536', 'R00954']","[1819, 1818]",[],False
198,2,"['C00537', 'R00621']","[1837, 1835]",[],False
199,2,"['C00540', 'R02204']","[1791, 1792]",[],False
200,2,"['C00541', 'R00167']","[1814, 1815]",[],False
201,2,"['C00543', 'R02411']","[1801, 1799]",[],False
202,2,"['C00545', 'R00014']","[1838, 1839]",[],False
203,2,"['C00547', 'R01640']","[1801, 1801]",[],False
204,2,"['C00549', 'R01429']","[1824, 1823]",[],False
205,2,"['C00554', 'R02581']","[1827, 1827]",[],False
206,2,"['C00559', 'R02880']","[1806, 1808]",[],False
207,2,"['C00563', 'R01667']","[1781, 1781]",[],False
208,2,"['C00564', 'R00529']","[1820, 1818]",[],False
209,2,"['C00565', 'R02354']","[1827, 1829]",[],False
210,2,"['C00567', 'R00542']","[1810, 1809]",[],False
211,2,"['C00569', 'R02261']","[1801, 1803]",[],False
212,2,"['C00571', 'R01103']","[1798, 1798]",[],False
213,2,"['C00573', 'R00184']","[1815, 1815]",[],False
214,2,"['C00574', 'R02796']","[1825, 1823]",[],False
215,2,"['C00577', 'R00918']","[1783, 1782]",[],False
216,2,"['C00580', 'R02848']","[1804, 1806]",[],False
217,2,"['C00587', 'R01278']","[1839, 1839]",[],False
218,2,"['C00590', 'R02514']","[1784, 1783]",[],False
219,2,"['C00595', 'R00128']","[1794, 1794]",[],False
220,2,"['C00597', 'R00288']","[1787, 1788]",[],False
221,2,"['C00598', 'R00038']","[1833, 1834]",[],False
222,2,"['C00602', 'R02287']","[1791, 1793]",[],False
223,2,"['C00603', 'R01186']","[1839, 1838]",[],False
224,2,"['C00606', 'R02217']","[1828, 1830]",[],False
225,2,"['C00607', 'R02176']","[1793, 1791]",[],False
226,2,"['C00609', 'R00037']","[1824, 1824]",[],False
227,2,"['C00610', 'R02300']","[1787, 1788]",[],False
228,2,"['C00612', 'R02881']","[1820, 1822]",[],False
229,2,"['C00613', 'R01912']","[1799, 1798]",[],False
230,2,"['C00614', 'R00297']","[1812, 1813]",[],False
231,2,"['C00617', 'R00220']","[1791, 1790]",[],False
232,2,"['C00619', 'R00444']","[1797, 1796]",[],False
233,2,"['C00620', 'R00804']","[1823, 1823]",[],False
234,2,"['C00624', 'R00873']","[1789, 1787]",[],False
235,2,"['C00625', 'R01383']","[1815, 1814]",[],False
236,2,"['C00627', 'R01755']","[1805, 1805]",[],False
237,2,"['C00632', 'R00765']","[1839, 1841]",[],False
238,2,"['C00636', 'R02328']","[1824, 1823]",[],False
239,2,"['C00638', 'R01739']","[1822, 1820]",[],False
240,2,"['C00645', 'R01494']","[1815, 1814]",[],False
241,2,"['C00647', 'R00690']","[1817, 1818]",[],False
242,2,"['C00648', 'R01835']","[1803, 1802]",[],False
243,2,"['C00649', 'R00731']","[1816, 1818]",[],False
244,2,"['C00650', 'R00409']","[1816, 1815]",[],False
245,2,"['C00659', 'R00674']","[1792, 1793]",[],False
246,2,"['C00662', 'R01748']","[1805, 1803]",[],False
247,2,"['C00664', 'R01927']","[1831, 1830]",[],False
248,2,"['C00667', 'R00632']","[1828, 1830]",[],False
249,2,"['C00670', 'R01580']","[1790, 1791]",[],False
250,2,"['C00671', 'R02428']","[1812, 1811]",[],False
251,2,"['C00672', 'R02863']","[1789, 1787]",[],False
252,2,"['C00673', 'R02313']","[1806, 1806]",[],False
253,2,"['C00675', 'R00583']","[1806, 1807]",[],False
254,2,"['C00685', 'R01811']","[1839, 1840]",[],False
255,2,"['C00691', 'R00505']","[1829, 1828]",[],False
256,2,"['C00692', 'R02519']","[1800, 1799]",[],False
257,2,"['C00699', 'R00712']","[1830, 1830]",[],False
258,2,"['C00700', 'R01980']","[1786, 1786]",[],False
259,2,"['C00703', 'R00995']","[1798, 1798]",[],False
260,2,"['C00704', 'R02201']","[1813, 1814]",[],False
261,2,"['C00707', 'R01291']","[1785, 1786]",[],False
262,4,"['C00709', 'C01506', 'R01136', 'R01265']","[1834, 1834, 1832, 1833]",['multi_match'],True
263,2,"['C00713', 'R00876']","[1836, 1836]",[],False
264,2,"['C00717', 'R00075']","[1810, 1811]",[],False
265,2,"['C00723', 'R02373']","[1807, 1807]",[],False
266,2,"['C00726', 'R01545']","[1794, 1792]",[],False
267,2,"['C00727', 'R00123']","[1808, 1809]",[],False
268,2,"['C00731', 'R01544']","[1810, 1808]",[],False
269,4,"['C00733', 'C02327', 'R00429', 'R00738']","[1808, 1810, 1811, 1812]","['multi_match', 'birth_year_conflict']",True
270,2,"['C00734', 'R00777']","[1783, 1781]",[],False
271,2,"['C00738', 'R01676']","[1827, 1825]",[],False
272,2,"['C00740', 'R01262']","[1801, 1803]",[],False
273,3,"['C00741', 'C02578', 'R01184']","[1827, 1826, 1827]",['multi_match'],True
274,2,"['C00742', 'R00572']","[1820, 1820]",[],False
275,2,"['C00743', 'R02207']","[1827, 1825]",[],False
276,2,"['C00746', 'R01808']","[1808, 1809]",[],False
277,2,"['C00748', 'R00933']","[1779, 1780]",[],False
278,2,"['C00749', 'R00643']","[1817, 1816]",[],False
279,2,"['C00750', 'R00095']","[1828, 1829]",[],False
280,2,"['C00751', 'R01910']","[1798, 1800]",[],False
281,2,"['C00753', 'R00580']","[1782, 1784]",[],False
282,2,"['C00754', 'R02958']","[1835, 1834]",[],False
283,2,"['C00756', 'R00229']","[1789, 1788]",[],False
284,2,"['C00762', 'R01546']","[1822, 1822]",[],False
285,2,"['C00765', 'R02295']","[1790, 1790]",[],False
286,2,"['C00766', 'R02952']","[1821, 1822]",[],False
287,2,"['C00768', 'R02797']","[1805, 1803]",[],False
288,2,"['C00770', 'R01003']","[1828, 1827]",[],False
289,2,"['C00772', 'R01156']","[1834, 1836]",[],False
290,2,"['C00775', 'R02470']","[1792, 1793]",[],False
291,2,"['C00779', 'R02199']","[1818, 1818]",[],False
292,2,"['C00780', 'R02151']","[1826, 1826]",[],False
293,2,"['C00782', 'R01913']","[1786, 1785]",[],False
294,2,"['C00783', 'R02092']","[1795, 1793]",[],False
295,2,"['C00785', 'R01238']","[1804, 1804]",[],False
296,2,"['C00787', 'R00936']","[1840, 1841]",[],False
297,2,"['C00788', 'R02546']","[1780, 1781]",[],False
298,2,"['C00792', 'R01035']","[1812, 1814]",[],False
299,2,"['C00794', 'R01675']","[1803, 1804]",[],False
300,2,"['C00795', 'R02577']","[1810, 1809]",[],False
301,2,"['C00803', 'R01301']","[1804, 1805]",[],False
302,2,"['C00805', 'R01998']","[1794, 1796]",[],False
303,2,"['C00808', 'R02680']","[1800, 1802]",[],False
304,2,"['C00809', 'R02500']","[1779, 1780]",[],False
305,2,"['C00811', 'R02383']","[1796, 1796]",[],False
306,2,"['C00812', 'R00594']","[1828, 1827]",[],False
307,2,"['C00813', 'R02001']","[1829, 1831]",[],False
308,2,"['C00820', 'R00334']","[1791, 1789]",[],False
309,2,"['C00821', 'R01425']","[1796, 1795]",[],False
310,2,"['C00825', 'R01007']","[1789, 1790]",[],False
311,2,"['C00827', 'R02480']","[1807, 1805]",[],False
312,2,"['C00829', 'R00827']","[1833, 1833]",[],False
313,2,"['C00834', 'R00914']","[1808, 1808]",[],False
314,2,"['C00840', 'R00582']","[1829, 1828]",[],False
315,2,"['C00842', 'R01845']","[1791, 1789]",[],False
316,2,"['C00844', 'R00391']","[1805, 1806]",[],False
317,2,"['C00845', 'R01255']","[1818, 1819]",[],False
318,2,"['C00847', 'R01746']","[1800, 1799]",[],False
319,2,"['C00850', 'R02709']","[1799, 1800]",[],False
320,2,"['C00851', 'R00597']","[1796, 1797]",[],False
321,2,"['C00854', 'R01865']","[1804, 1805]",[],False
322,2,"['C00856', 'R02254']","[1784, 1785]",[],False
323,2,"['C00861', 'R02477']","[1823, 1822]",[],False
324,2,"['C00867', 'R00115']","[1787, 1788]",[],False
325,2,"['C00868', 'R02830']","[1803, 1803]",[],False
326,2,"['C00869', 'R01020']","[1807, 1809]",[],False
327,2,"['C00870', 'R02876']","[1818, 1819]",[],False
328,2,"['C00871', 'R00306']","[1787, 1788]",[],False
329,2,"['C00875', 'R02388']","[1835, 1836]",[],False
330,2,"['C00882', 'R01685']","[1788, 1787]",[],False
331,2,"['C00883', 'R01423']","[1828, 1827]",[],False
332,2,"['C00885', 'R00241']","[1829, 1829]",[],False
333,2,"['C00886', 'R02542']","[1835, 1835]",[],False
334,2,"['C00891', 'R02882']","[1823, 1823]",[],False
335,2,"['C00894', 'R02219']","[1820, 1819]",[],False
336,2,"['C00895', 'R02854']","[1823, 1824]",[],False
337,2,"['C00901', 'R01233']","[1787, 1788]",[],False
338,2,"['C00907', 'R00359']","[1791, 1792]",[],False
339,2,"['C00912', 'R02077']","[1826, 1827]",[],False
340,2,"['C00913', 'R00661']","[1800, 1801]",[],False
341,2,"['C00915', 'R00785']","[1816, 1817]",[],False
342,2,"['C00916', 'R02968']","[1820, 1820]",[],False
343,2,"['C00918', 'R02115']","[1823, 1823]",[],False
344,2,"['C00927', 'R01596']","[1809, 1810]",[],False
345,2,"['C00928', 'R00881']","[1832, 1833]",[],False
346,2,"['C00929', 'R01509']","[1793, 1792]",[],False
347,3,"['C00937', 'C02135', 'R00243']","[1798, 1800, 1799]",['multi_match'],True
348,2,"['C00942', 'R01652']","[1793, 1793]",[],False
349,2,"['C00945', 'R02128']","[1815, 1814]",[],False
350,2,"['C00947', 'R00378']","[1820, 1820]",[],False
351,2,"['C00949', 'R01995']","[1810, 1812]",[],False
352,2,"['C00950', 'R01377']","[1794, 1794]",[],False
353,2,"['C00956', 'R02960']","[1796, 1796]",[],False
354,2,"['C00961', 'R00554']","[1838, 1837]",[],False
355,2,"['C00964', 'R02113']","[1810, 1811]",[],False
356,4,"['C00967', 'C02732', 'R00148', 'R00238']","[1791, 1790, 1791, 1792]",['multi_match'],True
357,2,"['C00969', 'R01829']","[1795, 1795]",[],False
358,2,"['C00971', 'R02451']","[1806, 1806]",[],False
359,2,"['C00975', 'R01028']","[1802, 1804]",[],False
360,2,"['C00983', 'R00141']","[1825, 1827]",[],False
361,2,"['C00986', 'R00764']","[1779, 1781]",[],False
362,2,"['C00987', 'R02513']","[1793, 1792]",[],False
363,2,"['C00994', 'R02693']","[1788, 1787]",[],False
364,2,"['C00995', 'R02962']","[1803, 1801]",[],False
365,2,"['C00996', 'R02491']","[1828, 1829]",[],False
366,2,"['C00997', 'R01997']","[1794, 1796]",[],False
367,2,"['C00999', 'R00502']","[1815, 1816]",[],False
368,2,"['C01003', 'R00041']","[1832, 1831]",[],False
369,2,"['C01005', 'R00441']","[1789, 1790]",[],False
370,2,"['C01007', 'R02957']","[1787, 1787]",[],False
371,2,"['C01009', 'R01594']","[1820, 1821]",[],False
372,2,"['C01010', 'R02790']","[1788, 1787]",[],False
373,2,"['C01014', 'R02886']","[1794, 1793]",[],False
374,2,"['C01015', 'R00478']","[1837, 1835]",[],False
375,2,"['C01017', 'R02756']","[1813, 1814]",[],False
376,2,"['C01021', 'R00825']","[1787, 1788]",[],False
377,2,"['C01027', 'R01031']","[1802, 1801]",[],False
378,2,"['C01030', 'R00522']","[1791, 1791]",[],False
379,2,"['C01031', 'R02006']","[1815, 1815]",[],False
380,2,"['C01035', 'R00976']","[1816, 1815]",[],False
381,2,"['C01038', 'R01568']","[1802, 1801]",[],False
382,2,"['C01041', 'R02258']","[1804, 1804]",[],False
383,2,"['C01043', 'R02035']","[1794, 1796]",[],False
384,2,"['C01044', 'R00589']","[1796, 1795]",[],False
385,2,"['C01045', 'R00627']","[1827, 1827]",[],False
386,2,"['C01047', 'R02992']","[1792, 1794]",[],False
387,2,"['C01054', 'R01064']","[1783, 1782]",[],False
388,2,"['C01058', 'R01682']","[1820, 1818]",[],False
389,2,"['C01059', 'R00259']","[1833, 1833]",[],False
390,2,"['C01061', 'R01985']","[1808, 1807]",[],False
391,2,"['C01065', 'R02567']","[1835, 1836]",[],False
392,2,"['C01067', 'R01094']","[1792, 1793]",[],False
393,4,"['C01068', 'C02479', 'R00377', 'R00836']","[1806, 1804, 1806, 1806]",['multi_match'],True
394,2,"['C01069', 'R00715']","[1796, 1796]",[],False
395,2,"['C01072', 'R02692']","[1786, 1787]",[],False
396,2,"['C01074', 'R01653']","[1828, 1828]",[],False
397,2,"['C01076', 'R02711']","[1784, 1784]",[],False
398,2,"['C01077', 'R02603']","[1831, 1832]",[],False
399,2,"['C01078', 'R00114']","[1824, 1825]",[],False
400,2,"['C01081', 'R01166']","[1838, 1838]",[],False
401,2,"['C01082', 'R01872']","[1829, 1828]",[],False
402,2,"['C01083', 'R01097']","[1813, 1813]",[],False
403,2,"['C01084', 'R02499']","[1827, 1827]",[],False
404,2,"['C01085', 'R02739']","[1827, 1829]",[],False
405,2,"['C01087', 'R00822']","[1804, 1804]",[],False
406,2,"['C01088', 'R00930']","[1835, 1837]",[],False
407,2,"['C01090', 'R02299']","[1826, 1826]",[],False
408,2,"['C01092', 'R02475']","[1828, 1826]",[],False
409,2,"['C01095', 'R01904']","[1832, 1831]",[],False
410,2,"['C01097', 'R00142']","[1830, 1831]",[],False
411,2,"['C01099', 'R00704']","[1801, 1801]",[],False
412,2,"['C01102', 'R01800']","[1791, 1792]",[],False
413,2,"['C01105', 'R02833']","[1828, 1826]",[],False
414,2,"['C01106', 'R01393']","[1810, 1809]",[],False
415,2,"['C01107', 'R02268']","[1792, 1792]",[],False
416,2,"['C01108', 'R00897']","[1798, 1800]",[],False
417,2,"['C01111', 'R00074']","[1834, 1836]",[],False
418,3,"['C01113', 'R00411', 'R01603']","[1811, 1810, 1810]",['multi_match'],True
419,2,"['C01115', 'R00595']","[1810, 1810]",[],False
420,2,"['C01116', 'R02380']","[1816, 1816]",[],False
421,2,"['C01118', 'R02278']","[1813, 1812]",[],False
422,2,"['C01122', 'R01200']","[1820, 1818]",[],False
423,2,"['C01128', 'R01635']","[1796, 1797]",[],False
424,2,"['C01133', 'R00011']","[1809, 1810]",[],False
425,3,"['C01135', 'R00007', 'R01923']","[1799, 1798, 1799]",['multi_match'],True
426,2,"['C01136', 'R01155']","[1817, 1815]",[],False
427,2,"['C01137', 'R00556']","[1781, 1780]",[],False
428,2,"['C01138', 'R02742']","[1840, 1840]",[],False
429,2,"['C01140', 'R02965']","[1809, 1809]",[],False
430,2,"['C01143', 'R02043']","[1788, 1789]",[],False
431,2,"['C01144', 'R02045']","[1781, 1780]",[],False
432,2,"['C01148', 'R01719']","[1839, 1838]",[],False
433,2,"['C01153', 'R02741']","[1825, 1826]",[],False
434,2,"['C01155', 'R01975']","[1784, 1784]",[],False
435,2,"['C01159', 'R00410']","[1799, 1799]",[],False
436,2,"['C01166', 'R02528']","[1808, 1809]",[],False
437,2,"['C01167', 'R00421']","[1793, 1794]",[],False
438,2,"['C01168', 'R01967']","[1823, 1822]",[],False
439,4,"['C01174', 'C02683', 'R01665', 'R02140']","[1799, 1801, 1796, 1797]","['multi_match', 'birth_year_conflict']",True
440,2,"['C01186', 'R02804']","[1789, 1790]",[],False
441,2,"['C01194', 'R01093']","[1838, 1839]",[],False
442,2,"['C01196', 'R02109']","[1812, 1813]",[],False
443,2,"['C01199', 'R01286']","[1783, 1782]",[],False
444,2,"['C01203', 'R01743']","[1799, 1801]",[],False
445,2,"['C01207', 'R01451']","[1816, 1816]",[],False
446,2,"['C01208', 'R01965']","[1781, 1782]",[],False
447,2,"['C01213', 'R01681']","[1787, 1787]",[],False
448,2,"['C01214', 'R02550']","[1810, 1808]",[],False
449,2,"['C01215', 'R02072']","[1811, 1811]",[],False
450,2,"['C01217', 'R00862']","[1796, 1795]",[],False
451,2,"['C01218', 'R01873']","[1785, 1785]",[],False
452,2,"['C01219', 'R02352']","[1819, 1821]",[],False
453,2,"['C01227', 'R01397']","[1823, 1821]",[],False
454,2,"['C01228', 'R02031']","[1800, 1801]",[],False
455,2,"['C01233', 'R00671']","[1815, 1814]",[],False
456,2,"['C01235', 'R02114']","[1786, 1787]",[],False
457,2,"['C01236', 'R02624']","[1797, 1795]",[],False
458,2,"['C01237', 'R00574']","[1814, 1814]",[],False
459,2,"['C01244', 'R00324']","[1809, 1807]",[],False
460,2,"['C01246', 'R00055']","[1837, 1837]",[],False
461,2,"['C01252', 'R00868']","[1798, 1799]",[],False
462,2,"['C01254', 'R02801']","[1793, 1794]",[],False
463,2,"['C01255', 'R02385']","[1785, 1786]",[],False
464,2,"['C01257', 'R02572']","[1814, 1816]",[],False
465,2,"['C01259', 'R01015']","[1788, 1786]",[],False
466,2,"['C01261', 'R01560']","[1783, 1784]",[],False
467,2,"['C01263', 'R01332']","[1808, 1806]",[],False
468,2,"['C01265', 'R01510']","[1782, 1782]",[],False
469,2,"['C01266', 'R00676']","[1809, 1810]",[],False
470,2,"['C01267', 'R02944']","[1835, 1836]",[],False
471,2,"['C01270', 'R00628']","[1806, 1808]",[],False
472,2,"['C01272', 'R00771']","[1825, 1824]",[],False
473,2,"['C01274', 'R01803']","[1790, 1788]",[],False
474,5,"['C01275', 'C01878', 'C02254', 'R00320', 'R01230']","[1789, 1791, 1788, 1792, 1788]","['multi_match', 'birth_year_conflict']",True
475,4,"['C01279', 'C02859', 'R02691', 'R02841']","[1838, 1839, 1836, 1839]",['multi_match'],True
476,2,"['C01280', 'R00246']","[1796, 1795]",[],False
477,2,"['C01284', 'R00722']","[1788, 1789]",[],False
478,2,"['C01294', 'R00608']","[1788, 1786]",[],False
479,2,"['C01296', 'R00427']","[1811, 1811]",[],False
480,3,"['C01302', 'R00860', 'R02713']","[1836, 1836, 1837]",['multi_match'],True
481,2,"['C01304', 'R01421']","[1838, 1838]",[],False
482,2,"['C01308', 'R01256']","[1818, 1820]",[],False
483,2,"['C01309', 'R00768']","[1838, 1836]",[],False
484,2,"['C01310', 'R00941']","[1805, 1805]",[],False
485,2,"['C01311', 'R00190']","[1832, 1833]",[],False
486,2,"['C01317', 'R00525']","[1836, 1836]",[],False
487,2,"['C01319', 'R00762']","[1787, 1789]",[],False
488,2,"['C01320', 'R00717']","[1819, 1819]",[],False
489,2,"['C01326', 'R01628']","[1826, 1825]",[],False
490,2,"['C01327', 'R02018']","[1799, 1797]",[],False
491,2,"['C01329', 'R01599']","[1817, 1819]",[],False
492,2,"['C01330', 'R00795']","[1799, 1797]",[],False
493,2,"['C01335', 'R01521']","[1790, 1791]",[],False
494,2,"['C01340', 'R00728']","[1836, 1837]",[],False
495,2,"['C01348', 'R00317']","[1791, 1790]",[],False
496,2,"['C01351', 'R00111']","[1815, 1817]",[],False
497,2,"['C01361', 'R01625']","[1809, 1810]",[],False
498,2,"['C01362', 'R00396']","[1813, 1812]",[],False
499,2,"['C01366', 'R01476']","[1830, 1831]",[],False
500,2,"['C01367', 'R00544']","[1784, 1785]",[],False
501,2,"['C01370', 'R01257']","[1808, 1808]",[],False
502,2,"['C01373', 'R02717']","[1817, 1817]",[],False
503,2,"['C01374', 'R01671']","[1793, 1794]",[],False
504,2,"['C01375', 'R02948']","[1800, 1801]",[],False
505,2,"['C01377', 'R02981']","[1829, 1830]",[],False
506,2,"['C01378', 'R01490']","[1785, 1783]",[],False
507,2,"['C01380', 'R01579']","[1804, 1803]",[],False
508,2,"['C01381', 'R00349']","[1784, 1783]",[],False
509,2,"['C01382', 'R00000']","[1828, 1829]",[],False
510,2,"['C01384', 'R02781']","[1818, 1816]",[],False
511,2,"['C01386', 'R01617']","[1792, 1791]",[],False
512,2,"['C01387', 'R01335']","[1836, 1838]",[],False
513,2,"['C01389', 'R02093']","[1810, 1808]",[],False
514,2,"['C01391', 'R01963']","[1819, 1818]",[],False
515,2,"['C01392', 'R00418']","[1791, 1792]",[],False
516,2,"['C01393', 'R02861']","[1804, 1804]",[],False
517,2,"['C01394', 'R00769']","[1810, 1809]",[],False
518,2,"['C01395', 'R01234']","[1813, 1814]",[],False
519,2,"['C01398', 'R02164']","[1780, 1780]",[],False
520,2,"['C01401', 'R00371']","[1782, 1781]",[],False
521,2,"['C01406', 'R01210']","[1785, 1786]",[],False
522,2,"['C01407', 'R02926']","[1783, 1782]",[],False
523,2,"['C01408', 'R00237']","[1819, 1819]",[],False
524,2,"['C01412', 'R01104']","[1820, 1819]",[],False
525,2,"['C01415', 'R00709']","[1793, 1795]",[],False
526,2,"['C01417', 'R00855']","[1819, 1820]",[],False
527,2,"['C01419', 'R00018']","[1835, 1834]",[],False
528,2,"['C01420', 'R00053']","[1781, 1781]",[],False
529,2,"['C01421', 'R00813']","[1799, 1800]",[],False
530,2,"['C01422', 'R02776']","[1788, 1788]",[],False
531,2,"['C01426', 'R00019']","[1809, 1808]",[],False
532,2,"['C01430', 'R01213']","[1822, 1823]",[],False
533,2,"['C01439', 'R01164']","[1817, 1815]",[],False
534,2,"['C01445', 'R02838']","[1817, 1817]",[],False
535,2,"['C01446', 'R02307']","[1821, 1819]",[],False
536,2,"['C01448', 'R01781']","[1809, 1809]",[],False
537,2,"['C01449', 'R02901']","[1818, 1820]",[],False
538,2,"['C01453', 'R01027']","[1793, 1793]",[],False
539,2,"['C01454', 'R00797']","[1823, 1821]",[],False
540,2,"['C01455', 'R00156']","[1804, 1802]",[],False
541,2,"['C01457', 'R00562']","[1814, 1815]",[],False
542,2,"['C01461', 'R00590']","[1840, 1838]",[],False
543,2,"['C01464', 'R02774']","[1797, 1797]",[],False
544,2,"['C01465', 'R00624']","[1826, 1826]",[],False
545,2,"['C01468', 'R00713']","[1782, 1782]",[],False
546,2,"['C01470', 'R01174']","[1820, 1819]",[],False
547,2,"['C01471', 'R02435']","[1811, 1811]",[],False
548,2,"['C01474', 'R01506']","[1833, 1832]",[],False
549,4,"['C01475', 'C02012', 'R00906', 'R02171']","[1831, 1829, 1830, 1830]",['multi_match'],True
550,2,"['C01477', 'R02927']","[1790, 1792]",[],False
551,2,"['C01483', 'R02630']","[1788, 1788]",[],False
552,2,"['C01486', 'R00454']","[1816, 1815]",[],False
553,2,"['C01487', 'R02441']","[1832, 1831]",[],False
554,2,"['C01488', 'R02978']","[1802, 1801]",[],False
555,2,"['C01491', 'R02548']","[1819, 1820]",[],False
556,2,"['C01493', 'R00985']","[1819, 1817]",[],False
557,2,"['C01495', 'R00091']","[1796, 1795]",[],False
558,2,"['C01504', 'R01113']","[1805, 1807]",[],False
559,2,"['C01508', 'R01057']","[1823, 1823]",[],False
560,2,"['C01509', 'R01140']","[1825, 1824]",[],False
561,2,"['C01510', 'R02509']","[1786, 1786]",[],False
562,2,"['C01514', 'R01695']","[1800, 1798]",[],False
563,2,"['C01521', 'R00829']","[1820, 1822]",[],False
564,2,"['C01523', 'R00942']","[1779, 1780]",[],False
565,2,"['C01525', 'R00697']","[1816, 1814]",[],False
566,4,"['C01528', 'C02058', 'R00329', 'R01536']","[1838, 1836, 1834, 1833]","['multi_match', 'birth_year_conflict']",True
567,2,"['C01536', 'R02526']","[1811, 1812]",[],False
568,2,"['C01543', 'R02021']","[1820, 1822]",[],False
569,2,"['C01544', 'R02271']","[1796, 1794]",[],False
570,2,"['C01547', 'R01289']","[1807, 1807]",[],False
571,2,"['C01548', 'R02209']","[1783, 1782]",[],False
572,2,"['C01549', 'R02938']","[1821, 1822]",[],False
573,2,"['C01550', 'R02945']","[1779, 1781]",[],False
574,2,"['C01552', 'R01636']","[1808, 1807]",[],False
575,2,"['C01555', 'R00012']","[1797, 1798]",[],False
576,2,"['C01556', 'R02319']","[1837, 1836]",[],False
577,2,"['C01560', 'R00846']","[1820, 1820]",[],False
578,2,"['C01561', 'R02252']","[1837, 1836]",[],False
579,2,"['C01566', 'R01984']","[1838, 1838]",[],False
580,2,"['C01568', 'R01516']","[1835, 1836]",[],False
581,2,"['C01569', 'R00304']","[1832, 1831]",[],False
582,2,"['C01570', 'R01275']","[1828, 1829]",[],False
583,3,"['C01573', 'C01621', 'R01952']","[1802, 1803, 1801]",['multi_match'],True
584,2,"['C01575', 'R02736']","[1796, 1797]",[],False
585,2,"['C01576', 'R02552']","[1804, 1805]",[],False
586,2,"['C01580', 'R01026']","[1829, 1827]",[],False
587,2,"['C01582', 'R00150']","[1840, 1840]",[],False
588,2,"['C01596', 'R01863']","[1799, 1798]",[],False
589,2,"['C01597', 'R00550']","[1791, 1791]",[],False
590,2,"['C01601', 'R00058']","[1799, 1797]",[],False
591,2,"['C01606', 'R01730']","[1792, 1794]",[],False
592,2,"['C01607', 'R02225']","[1830, 1828]",[],False
593,2,"['C01608', 'R01583']","[1820, 1820]",[],False
594,2,"['C01610', 'R02283']","[1804, 1805]",[],False
595,2,"['C01615', 'R01466']","[1824, 1824]",[],False
596,2,"['C01623', 'R01610']","[1820, 1818]",[],False
597,2,"['C01624', 'R02322']","[1808, 1808]",[],False
598,2,"['C01625', 'R01919']","[1826, 1828]",[],False
599,2,"['C01626', 'R01334']","[1810, 1812]",[],False
600,2,"['C01628', 'R01357']","[1838, 1838]",[],False
601,2,"['C01629', 'R01285']","[1807, 1808]",[],False
602,2,"['C01630', 'R00622']","[1787, 1787]",[],False
603,2,"['C01632', 'R01854']","[1813, 1814]",[],False
604,2,"['C01635', 'R02427']","[1827, 1827]",[],False
605,2,"['C01637', 'R01533']","[1809, 1808]",[],False
606,2,"['C01638', 'R02495']","[1793, 1792]",[],False
607,2,"['C01645', 'R00296']","[1799, 1797]",[],False
608,2,"['C01646', 'R00385']","[1787, 1789]",[],False
609,2,"['C01648', 'R01471']","[1807, 1808]",[],False
610,2,"['C01650', 'R02166']","[1789, 1789]",[],False
611,3,"['C01651', 'R01292', 'R01996']","[1834, 1832, 1831]",['multi_match'],True
612,2,"['C01658', 'R01489']","[1792, 1791]",[],False
613,2,"['C01660', 'R01740']","[1813, 1812]",[],False
614,2,"['C01661', 'R00884']","[1794, 1792]",[],False
615,2,"['C01666', 'R02137']","[1830, 1828]",[],False
616,2,"['C01667', 'R02558']","[1792, 1790]",[],False
617,2,"['C01668', 'R00326']","[1796, 1796]",[],False
618,2,"['C01670', 'R02594']","[1795, 1795]",[],False
619,2,"['C01671', 'R02034']","[1831, 1830]",[],False
620,2,"['C01678', 'R00808']","[1805, 1804]",[],False
621,3,"['C01679', 'C02655', 'R01983']","[1816, 1816, 1815]",['multi_match'],True
622,2,"['C01680', 'R02149']","[1806, 1806]",[],False
623,2,"['C01691', 'R02058']","[1838, 1837]",[],False
624,2,"['C01692', 'R00352']","[1790, 1791]",[],False
625,3,"['C01693', 'R01666', 'R02309']","[1814, 1815, 1816]",['multi_match'],True
626,2,"['C01694', 'R01153']","[1783, 1782]",[],False
627,2,"['C01698', 'R01969']","[1808, 1808]",[],False
628,2,"['C01702', 'R00232']","[1828, 1830]",[],False
629,2,"['C01705', 'R02350']","[1836, 1835]",[],False
630,2,"['C01710', 'R00139']","[1819, 1818]",[],False
631,2,"['C01713', 'R02537']","[1822, 1821]",[],False
632,2,"['C01715', 'R02696']","[1814, 1812]",[],False
633,2,"['C01722', 'R01543']","[1785, 1784]",[],False
634,2,"['C01727', 'R02852']","[1780, 1782]",[],False
635,2,"['C01728', 'R02374']","[1794, 1794]",[],False
636,2,"['C01729', 'R01535']","[1820, 1819]",[],False
637,2,"['C01732', 'R00743']","[1780, 1779]",[],False
638,2,"['C01741', 'R01597']","[1834, 1836]",[],False
639,2,"['C01742', 'R01042']","[1794, 1792]",[],False
640,2,"['C01745', 'R01577']","[1820, 1818]",[],False
641,2,"['C01748', 'R01131']","[1836, 1838]",[],False
642,2,"['C01749', 'R01787']","[1827, 1827]",[],False
643,2,"['C01751', 'R00852']","[1794, 1794]",[],False
644,2,"['C01752', 'R01817']","[1826, 1824]",[],False
645,2,"['C01755', 'R01092']","[1781, 1779]",[],False
646,2,"['C01760', 'R01464']","[1801, 1799]",[],False
647,3,"['C01762', 'C02965', 'R01305']","[1798, 1797, 1800]",['multi_match'],True
648,2,"['C01763', 'R00781']","[1783, 1781]",[],False
649,2,"['C01768', 'R01834']","[1795, 1795]",[],False
650,2,"['C01771', 'R00002']","[1823, 1821]",[],False
651,2,"['C01772', 'R01853']","[1808, 1808]",[],False
652,2,"['C01774', 'R00013']","[1786, 1787]",[],False
653,2,"['C01775', 'R02994']","[1807, 1805]",[],False
654,2,"['C01777', 'R00655']","[1821, 1820]",[],False
655,2,"['C01778', 'R01032']","[1837, 1838]",[],False
656,2,"['C01782', 'R00255']","[1792, 1794]",[],False
657,3,"['C01783', 'C02262', 'R01862']","[1803, 1804, 1802]",['multi_match'],True
658,2,"['C01785', 'R00275']","[1810, 1810]",[],False
659,2,"['C01789', 'R02131']","[1839, 1838]",[],False
660,2,"['C01792', 'R02407']","[1782, 1783]",[],False
661,2,"['C01793', 'R02038']","[1834, 1835]",[],False
662,2,"['C01799', 'R02735']","[1825, 1827]",[],False
663,2,"['C01802', 'R00039']","[1784, 1784]",[],False
664,2,"['C01811', 'R00755']","[1803, 1804]",[],False
665,2,"['C01813', 'R02413']","[1797, 1796]",[],False
666,2,"['C01817', 'R02484']","[1816, 1816]",[],False
667,2,"['C01820', 'R02353']","[1828, 1827]",[],False
668,4,"['C01823', 'C01956', 'R02106', 'R02946']","[1819, 1821, 1821, 1822]",['multi_match'],True
669,2,"['C01825', 'R01068']","[1800, 1799]",[],False
670,2,"['C01830', 'R00276']","[1795, 1795]",[],False
671,2,"['C01834', 'R02039']","[1805, 1804]",[],False
672,2,"['C01835', 'R01757']","[1823, 1824]",[],False
673,2,"['C01837', 'R01477']","[1829, 1831]",[],False
674,2,"['C01839', 'R01947']","[1832, 1832]",[],False
675,2,"['C01840', 'R01381']","[1802, 1801]",[],False
676,2,"['C01842', 'R00428']","[1823, 1825]",[],False
677,2,"['C01843', 'R01267']","[1784, 1783]",[],False
678,2,"['C01848', 'R02622']","[1786, 1787]",[],False
679,2,"['C01849', 'R02525']","[1804, 1806]",[],False
680,2,"['C01850', 'R02753']","[1800, 1799]",[],False
681,2,"['C01852', 'R00737']","[1825, 1825]",[],False
682,2,"['C01853', 'R00598']","[1789, 1788]",[],False
683,2,"['C01854', 'R00666']","[1832, 1832]",[],False
684,2,"['C01857', 'R01355']","[1819, 1818]",[],False
685,2,"['C01858', 'R00443']","[1825, 1826]",[],False
686,2,"['C01860', 'R01040']","[1823, 1825]",[],False
687,2,"['C01865', 'R00181']","[1793, 1795]",[],False
688,2,"['C01872', 'R00471']","[1836, 1835]",[],False
689,2,"['C01875', 'R01820']","[1813, 1813]",[],False
690,2,"['C01880', 'R02098']","[1807, 1806]",[],False
691,2,"['C01883', 'R01774']","[1831, 1830]",[],False
692,2,"['C01886', 'R00834']","[1826, 1824]",[],False
693,2,"['C01890', 'R00416']","[1842, 1840]",[],False
694,2,"['C01896', 'R01010']","[1798, 1797]",[],False
695,2,"['C01897', 'R00946']","[1789, 1788]",[],False
696,2,"['C01901', 'R02340']","[1797, 1799]",[],False
697,2,"['C01902', 'R02462']","[1800, 1801]",[],False
698,2,"['C01908', 'R00102']","[1784, 1785]",[],False
699,2,"['C01910', 'R01133']","[1790, 1792]",[],False
700,2,"['C01911', 'R01662']","[1832, 1834]",[],False
701,2,"['C01913', 'R02234']","[1825, 1826]",[],False
702,2,"['C01914', 'R00838']","[1836, 1835]",[],False
703,2,"['C01918', 'R02186']","[1796, 1796]",[],False
704,2,"['C01922', 'R02668']","[1799, 1797]",[],False
705,2,"['C01923', 'R02220']","[1840, 1838]",[],False
706,2,"['C01928', 'R01735']","[1837, 1837]",[],False
707,2,"['C01929', 'R00560']","[1813, 1811]",[],False
708,2,"['C01930', 'R02051']","[1829, 1828]",[],False
709,2,"['C01932', 'R02869']","[1828, 1826]",[],False
710,2,"['C01933', 'R01246']","[1806, 1804]",[],False
711,2,"['C01937', 'R02822']","[1812, 1814]",[],False
712,2,"['C01938', 'R02348']","[1807, 1808]",[],False
713,2,"['C01939', 'R00355']","[1810, 1811]",[],False
714,2,"['C01941', 'R02955']","[1802, 1803]",[],False
715,2,"['C01944', 'R02009']","[1819, 1819]",[],False
716,2,"['C01945', 'R01522']","[1825, 1823]",[],False
717,2,"['C01949', 'R01367']","[1826, 1826]",[],False
718,2,"['C01954', 'R02112']","[1820, 1820]",[],False
719,2,"['C01955', 'R02028']","[1801, 1801]",[],False
720,2,"['C01957', 'R00462']","[1781, 1783]",[],False
721,2,"['C01962', 'R02587']","[1797, 1795]",[],False
722,2,"['C01968', 'R00205']","[1818, 1820]",[],False
723,2,"['C01972', 'R02122']","[1825, 1825]",[],False
724,2,"['C01973', 'R01196']","[1838, 1840]",[],False
725,2,"['C01974', 'R00401']","[1786, 1784]",[],False
726,2,"['C01975', 'R00982']","[1786, 1788]",[],False
727,2,"['C01984', 'R01467']","[1820, 1819]",[],False
728,2,"['C01985', 'R00009']","[1781, 1781]",[],False
729,2,"['C01986', 'R01295']","[1799, 1799]",[],False
730,2,"['C01992', 'R02042']","[1822, 1823]",[],False
731,2,"['C01993', 'R02728']","[1822, 1822]",[],False
732,2,"['C01999', 'R00783']","[1835, 1835]",[],False
733,2,"['C02001', 'R02532']","[1823, 1821]",[],False
734,2,"['C02002', 'R00132']","[1831, 1830]",[],False
735,2,"['C02003', 'R00911']","[1840, 1840]",[],False
736,2,"['C02004', 'R01394']","[1801, 1801]",[],False
737,2,"['C02009', 'R00332']","[1807, 1805]",[],False
738,2,"['C02010', 'R01741']","[1811, 1812]",[],False
739,2,"['C02013', 'R00412']","[1819, 1818]",[],False
740,2,"['C02014', 'R00636']","[1805, 1807]",[],False
741,2,"['C02015', 'R01011']","[1810, 1808]",[],False
742,2,"['C02018', 'R02410']","[1789, 1789]",[],False
743,2,"['C02019', 'R01014']","[1794, 1795]",[],False
744,2,"['C02022', 'R02483']","[1788, 1787]",[],False
745,2,"['C02025', 'R02468']","[1823, 1822]",[],False
746,2,"['C02026', 'R02936']","[1798, 1800]",[],False
747,2,"['C02029', 'R00921']","[1817, 1817]",[],False
748,2,"['C02032', 'R02729']","[1813, 1813]",[],False
749,2,"['C02033', 'R01311']","[1808, 1807]",[],False
750,2,"['C02036', 'R00511']","[1821, 1819]",[],False
751,2,"['C02042', 'R02189']","[1834, 1835]",[],False
752,2,"['C02048', 'R00723']","[1826, 1827]",[],False
753,2,"['C02052', 'R02130']","[1805, 1806]",[],False
754,2,"['C02055', 'R01900']","[1787, 1786]",[],False
755,2,"['C02056', 'R02156']","[1807, 1809]",[],False
756,2,"['C02057', 'R01756']","[1793, 1793]",[],False
757,2,"['C02060', 'R01726']","[1806, 1807]",[],False
758,2,"['C02066', 'R01410']","[1817, 1819]",[],False
759,2,"['C02067', 'R02168']","[1791, 1792]",[],False
760,2,"['C02070', 'R01851']","[1781, 1782]",[],False
761,2,"['C02074', 'R00861']","[1786, 1786]",[],False
762,2,"['C02077', 'R02562']","[1815, 1816]",[],False
763,2,"['C02078', 'R01524']","[1817, 1816]",[],False
764,2,"['C02080', 'R01034']","[1819, 1819]",[],False
765,2,"['C02081', 'R01110']","[1811, 1811]",[],False
766,2,"['C02082', 'R00098']","[1799, 1799]",[],False
767,2,"['C02085', 'R00196']","[1789, 1787]",[],False
768,2,"['C02086', 'R02010']","[1813, 1812]",[],False
769,2,"['C02089', 'R00964']","[1825, 1825]",[],False
770,2,"['C02091', 'R02995']","[1789, 1790]",[],False
771,2,"['C02095', 'R01271']","[1804, 1802]",[],False
772,2,"['C02096', 'R00340']","[1835, 1835]",[],False
773,2,"['C02097', 'R02179']","[1831, 1832]",[],False
774,2,"['C02100', 'R02601']","[1831, 1830]",[],False
775,2,"['C02101', 'R02003']","[1817, 1817]",[],False
776,2,"['C02105', 'R00307']","[1782, 1782]",[],False
777,2,"['C02108', 'R00952']","[1815, 1816]",[],False
778,2,"['C02111', 'R00566']","[1796, 1796]",[],False
779,2,"['C02118', 'R01359']","[1778, 1780]",[],False
780,2,"['C02119', 'R00500']","[1818, 1817]",[],False
781,2,"['C02120', 'R00905']","[1839, 1838]",[],False
782,2,"['C02121', 'R00315']","[1813, 1815]",[],False
783,2,"['C02123', 'R01446']","[1784, 1785]",[],False
784,2,"['C02124', 'R01270']","[1795, 1796]",[],False
785,2,"['C02128', 'R00480']","[1831, 1829]",[],False
786,2,"['C02130', 'R01318']","[1825, 1825]",[],False
787,2,"['C02133', 'R00963']","[1793, 1795]",[],False
788,2,"['C02134', 'R00032']","[1830, 1829]",[],False
789,2,"['C02136', 'R00571']","[1822, 1824]",[],False
790,2,"['C02137', 'R01261']","[1836, 1835]",[],False
791,2,"['C02139', 'R02048']","[1785, 1784]",[],False
792,2,"['C02142', 'R01857']","[1825, 1826]",[],False
793,2,"['C02146', 'R01958']","[1817, 1817]",[],False
794,2,"['C02148', 'R01595']","[1779, 1781]",[],False
795,2,"['C02149', 'R01859']","[1783, 1782]",[],False
796,2,"['C02151', 'R02394']","[1804, 1806]",[],False
797,2,"['C02153', 'R01274']","[1835, 1835]",[],False
798,2,"['C02155', 'R00104']","[1793, 1795]",[],False
799,2,"['C02160', 'R01733']","[1809, 1808]",[],False
800,2,"['C02161', 'R00366']","[1805, 1806]",[],False
801,2,"['C02162', 'R00994']","[1788, 1790]",[],False
802,2,"['C02165', 'R02783']","[1821, 1822]",[],False
803,2,"['C02166', 'R01378']","[1787, 1786]",[],False
804,2,"['C02170', 'R01588']","[1821, 1819]",[],False
805,2,"['C02171', 'R00889']","[1810, 1811]",[],False
806,2,"['C02173', 'R00083']","[1791, 1791]",[],False
807,2,"['C02174', 'R01850']","[1806, 1806]",[],False
808,2,"['C02175', 'R02173']","[1813, 1812]",[],False
809,2,"['C02176', 'R01193']","[1837, 1839]",[],False
810,2,"['C02177', 'R00106']","[1781, 1782]",[],False
811,2,"['C02178', 'R00951']","[1811, 1810]",[],False
812,2,"['C02179', 'R00308']","[1798, 1797]",[],False
813,2,"['C02181', 'R00652']","[1787, 1786]",[],False
814,2,"['C02185', 'R00290']","[1800, 1800]",[],False
815,2,"['C02188', 'R02750']","[1828, 1828]",[],False
816,2,"['C02189', 'R02655']","[1792, 1793]",[],False
817,2,"['C02194', 'R02943']","[1834, 1835]",[],False
818,2,"['C02195', 'R00532']","[1805, 1803]",[],False
819,2,"['C02196', 'R02823']","[1828, 1827]",[],False
820,2,"['C02197', 'R02585']","[1801, 1803]",[],False
821,2,"['C02199', 'R01376']","[1814, 1813]",[],False
822,2,"['C02201', 'R01728']","[1785, 1785]",[],False
823,2,"['C02203', 'R02133']","[1821, 1821]",[],False
824,2,"['C02205', 'R02345']","[1837, 1835]",[],False
825,2,"['C02207', 'R00219']","[1829, 1829]",[],False
826,2,"['C02208', 'R01384']","[1815, 1815]",[],False
827,2,"['C02210', 'R00057']","[1795, 1795]",[],False
828,2,"['C02212', 'R00912']","[1838, 1839]",[],False
829,2,"['C02213', 'R01087']","[1824, 1825]",[],False
830,2,"['C02214', 'R00031']","[1810, 1810]",[],False
831,2,"['C02218', 'R00903']","[1779, 1781]",[],False
832,2,"['C02223', 'R02899']","[1798, 1799]",[],False
833,2,"['C02226', 'R02650']","[1833, 1835]",[],False
834,2,"['C02231', 'R00667']","[1810, 1811]",[],False
835,2,"['C02235', 'R02310']","[1822, 1821]",[],False
836,2,"['C02236', 'R01656']","[1785, 1785]",[],False
837,2,"['C02240', 'R01457']","[1797, 1796]",[],False
838,2,"['C02242', 'R01120']","[1811, 1809]",[],False
839,2,"['C02243', 'R01767']","[1811, 1810]",[],False
840,2,"['C02244', 'R01356']","[1807, 1808]",[],False
841,2,"['C02246', 'R02940']","[1812, 1810]",[],False
842,2,"['C02247', 'R01401']","[1788, 1788]",[],False
843,2,"['C02249', 'R01886']","[1817, 1817]",[],False
844,2,"['C02259', 'R01992']","[1794, 1793]",[],False
845,2,"['C02261', 'R02230']","[1832, 1831]",[],False
846,2,"['C02264', 'R00240']","[1826, 1824]",[],False
847,2,"['C02265', 'R00992']","[1796, 1795]",[],False
848,2,"['C02268', 'R00775']","[1812, 1813]",[],False
849,2,"['C02270', 'R02815']","[1801, 1800]",[],False
850,2,"['C02272', 'R01146']","[1828, 1827]",[],False
851,2,"['C02273', 'R02985']","[1800, 1798]",[],False
852,2,"['C02275', 'R01280']","[1791, 1790]",[],False
853,2,"['C02277', 'R01427']","[1787, 1787]",[],False
854,2,"['C02278', 'R01115']","[1834, 1835]",[],False
855,2,"['C02279', 'R02136']","[1826, 1826]",[],False
856,2,"['C02283', 'R00702']","[1786, 1785]",[],False
857,2,"['C02285', 'R01626']","[1808, 1808]",[],False
858,2,"['C02288', 'R01936']","[1808, 1809]",[],False
859,2,"['C02293', 'R01244']","[1822, 1823]",[],False
860,2,"['C02296', 'R02966']","[1814, 1815]",[],False
861,2,"['C02297', 'R02418']","[1794, 1792]",[],False
862,2,"['C02300', 'R00570']","[1825, 1824]",[],False
863,2,"['C02301', 'R02025']","[1781, 1779]",[],False
864,2,"['C02304', 'R02867']","[1835, 1835]",[],False
865,2,"['C02306', 'R01463']","[1825, 1826]",[],False
866,2,"['C02308', 'R01453']","[1804, 1805]",[],False
867,2,"['C02314', 'R02414']","[1791, 1791]",[],False
868,2,"['C02316', 'R00924']","[1793, 1792]",[],False
869,2,"['C02318', 'R02866']","[1830, 1830]",[],False
870,2,"['C02326', 'R02827']","[1816, 1817]",[],False
871,2,"['C02330', 'R00890']","[1797, 1797]",[],False
872,2,"['C02331', 'R01894']","[1832, 1831]",[],False
873,2,"['C02333', 'R00922']","[1804, 1804]",[],False
874,2,"['C02334', 'R01701']","[1797, 1797]",[],False
875,2,"['C02335', 'R01880']","[1789, 1788]",[],False
876,2,"['C02339', 'R00192']","[1791, 1789]",[],False
877,2,"['C02343', 'R00920']","[1832, 1831]",[],False
878,2,"['C02344', 'R01380']","[1819, 1819]",[],False
879,2,"['C02351', 'R01076']","[1782, 1780]",[],False
880,2,"['C02359', 'R01547']","[1783, 1784]",[],False
881,2,"['C02364', 'R00417']","[1793, 1793]",[],False
882,2,"['C02366', 'R02976']","[1818, 1819]",[],False
883,2,"['C02367', 'R02524']","[1805, 1804]",[],False
884,2,"['C02368', 'R01006']","[1837, 1836]",[],False
885,2,"['C02369', 'R02059']","[1806, 1804]",[],False
886,2,"['C02370', 'R00179']","[1796, 1796]",[],False
887,2,"['C02372', 'R00613']","[1779, 1778]",[],False
888,2,"['C02373', 'R00305']","[1836, 1837]",[],False
889,2,"['C02374', 'R00432']","[1791, 1791]",[],False
890,2,"['C02375', 'R01605']","[1819, 1817]",[],False
891,2,"['C02377', 'R01333']","[1839, 1838]",[],False
892,2,"['C02383', 'R01586']","[1826, 1825]",[],False
893,2,"['C02384', 'R02279']","[1833, 1833]",[],False
894,2,"['C02387', 'R00984']","[1816, 1817]",[],False
895,2,"['C02389', 'R00217']","[1816, 1817]",[],False
896,2,"['C02392', 'R01569']","[1783, 1783]",[],False
897,2,"['C02398', 'R01461']","[1788, 1787]",[],False
898,2,"['C02401', 'R00802']","[1805, 1806]",[],False
899,2,"['C02402', 'R02803']","[1786, 1787]",[],False
900,2,"['C02403', 'R00457']","[1831, 1833]",[],False
901,2,"['C02407', 'R02020']","[1795, 1795]",[],False
902,2,"['C02411', 'R01268']","[1814, 1812]",[],False
903,2,"['C02413', 'R01341']","[1796, 1797]",[],False
904,2,"['C02416', 'R01821']","[1809, 1810]",[],False
905,2,"['C02418', 'R01404']","[1838, 1836]",[],False
906,2,"['C02420', 'R00541']","[1828, 1827]",[],False
907,2,"['C02421', 'R00658']","[1839, 1838]",[],False
908,2,"['C02422', 'R01670']","[1803, 1801]",[],False
909,2,"['C02424', 'R02758']","[1824, 1823]",[],False
910,2,"['C02425', 'R00394']","[1837, 1839]",[],False
911,2,"['C02426', 'R00648']","[1835, 1835]",[],False
912,2,"['C02429', 'R01591']","[1789, 1790]",[],False
913,2,"['C02430', 'R01887']","[1830, 1831]",[],False
914,2,"['C02431', 'R01725']","[1780, 1782]",[],False
915,2,"['C02434', 'R02828']","[1826, 1824]",[],False
916,2,"['C02435', 'R01479']","[1823, 1822]",[],False
917,2,"['C02436', 'R02369']","[1801, 1802]",[],False
918,2,"['C02439', 'R02787']","[1810, 1809]",[],False
919,2,"['C02440', 'R00328']","[1784, 1783]",[],False
920,2,"['C02441', 'R02336']","[1831, 1831]",[],False
921,2,"['C02442', 'R00929']","[1810, 1811]",[],False
922,2,"['C02443', 'R02497']","[1811, 1812]",[],False
923,2,"['C02444', 'R00346']","[1808, 1808]",[],False
924,2,"['C02445', 'R01473']","[1813, 1813]",[],False
925,2,"['C02452', 'R01868']","[1789, 1789]",[],False
926,2,"['C02454', 'R01945']","[1812, 1811]",[],False
927,2,"['C02456', 'R02708']","[1793, 1792]",[],False
928,2,"['C02457', 'R00212']","[1780, 1779]",[],False
929,2,"['C02459', 'R00742']","[1805, 1806]",[],False
930,2,"['C02462', 'R02819']","[1803, 1802]",[],False
931,2,"['C02468', 'R01773']","[1830, 1829]",[],False
932,2,"['C02469', 'R01053']","[1797, 1795]",[],False
933,2,"['C02474', 'R01648']","[1802, 1803]",[],False
934,2,"['C02480', 'R01812']","[1820, 1820]",[],False
935,2,"['C02482', 'R02033']","[1816, 1815]",[],False
936,2,"['C02484', 'R00383']","[1832, 1834]",[],False
937,2,"['C02487', 'R00714']","[1782, 1784]",[],False
938,2,"['C02488', 'R01441']","[1817, 1816]",[],False
939,2,"['C02493', 'R00072']","[1833, 1832]",[],False
940,2,"['C02494', 'R00040']","[1824, 1826]",[],False
941,2,"['C02495', 'R02177']","[1790, 1789]",[],False
942,3,"['C02497', 'R01966', 'R02518']","[1833, 1833, 1833]",['multi_match'],True
943,2,"['C02498', 'R01959']","[1831, 1831]",[],False
944,2,"['C02503', 'R00703']","[1794, 1794]",[],False
945,2,"['C02505', 'R00066']","[1824, 1825]",[],False
946,2,"['C02508', 'R01789']","[1804, 1803]",[],False
947,2,"['C02511', 'R01486']","[1810, 1811]",[],False
948,2,"['C02512', 'R00301']","[1781, 1783]",[],False
949,2,"['C02516', 'R00803']","[1824, 1826]",[],False
950,2,"['C02523', 'R01799']","[1792, 1792]",[],False
951,2,"['C02525', 'R00915']","[1808, 1808]",[],False
952,2,"['C02528', 'R00668']","[1818, 1820]",[],False
953,2,"['C02529', 'R00760']","[1798, 1798]",[],False
954,2,"['C02530', 'R02423']","[1787, 1789]",[],False
955,2,"['C02534', 'R01879']","[1793, 1794]",[],False
956,2,"['C02538', 'R01632']","[1825, 1824]",[],False
957,2,"['C02540', 'R01050']","[1812, 1812]",[],False
958,2,"['C02541', 'R01949']","[1828, 1828]",[],False
959,2,"['C02543', 'R00407']","[1820, 1821]",[],False
960,2,"['C02550', 'R01517']","[1794, 1792]",[],False
961,2,"['C02551', 'R02084']","[1828, 1827]",[],False
962,2,"['C02554', 'R00670']","[1815, 1814]",[],False
963,2,"['C02566', 'R00599']","[1783, 1784]",[],False
964,2,"['C02567', 'R00251']","[1807, 1806]",[],False
965,2,"['C02570', 'R00105']","[1795, 1796]",[],False
966,2,"['C02571', 'R01269']","[1837, 1835]",[],False
967,2,"['C02572', 'R01195']","[1809, 1809]",[],False
968,2,"['C02574', 'R01179']","[1809, 1807]",[],False
969,2,"['C02575', 'R02052']","[1805, 1804]",[],False
970,2,"['C02576', 'R02780']","[1800, 1798]",[],False
971,2,"['C02577', 'R01062']","[1796, 1796]",[],False
972,2,"['C02579', 'R00815']","[1788, 1787]",[],False
973,2,"['C02582', 'R02032']","[1801, 1800]",[],False
974,2,"['C02584', 'R01132']","[1802, 1802]",[],False
975,2,"['C02585', 'R01934']","[1809, 1810]",[],False
976,2,"['C02587', 'R01248']","[1810, 1809]",[],False
977,2,"['C02589', 'R01953']","[1823, 1821]",[],False
978,2,"['C02591', 'R01420']","[1779, 1779]",[],False
979,2,"['C02593', 'R00152']","[1805, 1805]",[],False
980,2,"['C02595', 'R02422']","[1840, 1841]",[],False
981,2,"['C02596', 'R02596']","[1824, 1823]",[],False
982,2,"['C02599', 'R01833']","[1831, 1829]",[],False
983,2,"['C02604', 'R00254']","[1793, 1792]",[],False
984,2,"['C02607', 'R02365']","[1811, 1810]",[],False
985,2,"['C02608', 'R00637']","[1835, 1837]",[],False
986,2,"['C02618', 'R02939']","[1801, 1800]",[],False
987,2,"['C02619', 'R00005']","[1836, 1838]",[],False
988,2,"['C02620', 'R02704']","[1826, 1825]",[],False
989,2,"['C02622', 'R00129']","[1790, 1791]",[],False
990,2,"['C02625', 'R01231']","[1788, 1787]",[],False
991,2,"['C02631', 'R02894']","[1785, 1786]",[],False
992,2,"['C02632', 'R02925']","[1792, 1790]",[],False
993,2,"['C02637', 'R00023']","[1794, 1794]",[],False
994,2,"['C02638', 'R02555']","[1835, 1836]",[],False
995,2,"['C02642', 'R01052']","[1814, 1813]",[],False
996,2,"['C02647', 'R01063']","[1803, 1805]",[],False
997,2,"['C02648', 'R02802']","[1799, 1797]",[],False
998,2,"['C02654', 'R02170']","[1825, 1824]",[],False
999,2,"['C02658', 'R00277']","[1833, 1834]",[],False
1000,2,"['C02659', 'R00062']","[1828, 1830]",[],False
1001,2,"['C02662', 'R00753']","[1791, 1793]",[],False
1002,2,"['C02666', 'R01687']","[1789, 1788]",[],False
1003,2,"['C02675', 'R00679']","[1821, 1820]",[],False
1004,3,"['C02677', 'R02386', 'R02512']","[1814, 1815, 1815]",['multi_match'],True
1005,2,"['C02679', 'R02395']","[1801, 1801]",[],False
1006,2,"['C02686', 'R01911']","[1785, 1783]",[],False
1007,2,"['C02687', 'R02679']","[1831, 1830]",[],False
1008,2,"['C02689', 'R01054']","[1826, 1827]",[],False
1009,2,"['C02690', 'R00892']","[1832, 1830]",[],False
1010,2,"['C02691', 'R02085']","[1798, 1798]",[],False
1011,2,"['C02692', 'R02417']","[1824, 1823]",[],False
1012,2,"['C02693', 'R01023']","[1801, 1801]",[],False
1013,2,"['C02696', 'R01504']","[1812, 1813]",[],False
1014,2,"['C02702', 'R02907']","[1818, 1817]",[],False
1015,2,"['C02704', 'R01717']","[1784, 1782]",[],False
1016,2,"['C02715', 'R02375']","[1793, 1791]",[],False
1017,2,"['C02717', 'R02891']","[1808, 1806]",[],False
1018,2,"['C02720', 'R00211']","[1802, 1803]",[],False
1019,2,"['C02721', 'R02608']","[1831, 1830]",[],False
1020,2,"['C02727', 'R01731']","[1799, 1800]",[],False
1021,2,"['C02728', 'R02159']","[1818, 1819]",[],False
1022,2,"['C02734', 'R00170']","[1786, 1786]",[],False
1023,2,"['C02735', 'R02560']","[1833, 1833]",[],False
1024,2,"['C02739', 'R00051']","[1798, 1798]",[],False
1025,2,"['C02741', 'R00850']","[1791, 1792]",[],False
1026,2,"['C02743', 'R01990']","[1823, 1824]",[],False
1027,2,"['C02744', 'R02291']","[1826, 1825]",[],False
1028,2,"['C02745', 'R02610']","[1801, 1802]",[],False
1029,2,"['C02746', 'R00642']","[1796, 1798]",[],False
1030,2,"['C02750', 'R00747']","[1835, 1835]",[],False
1031,2,"['C02753', 'R00896']","[1783, 1782]",[],False
1032,2,"['C02755', 'R02980']","[1791, 1793]",[],False
1033,2,"['C02759', 'R00644']","[1794, 1794]",[],False
1034,2,"['C02766', 'R00640']","[1791, 1790]",[],False
1035,2,"['C02767', 'R02325']","[1786, 1785]",[],False
1036,2,"['C02768', 'R01012']","[1795, 1794]",[],False
1037,2,"['C02771', 'R00549']","[1832, 1831]",[],False
1038,2,"['C02772', 'R01219']","[1840, 1839]",[],False
1039,2,"['C02777', 'R01935']","[1806, 1806]",[],False
1040,2,"['C02781', 'R01290']","[1819, 1820]",[],False
1041,2,"['C02782', 'R00257']","[1788, 1788]",[],False
1042,2,"['C02784', 'R01806']","[1786, 1786]",[],False
1043,2,"['C02785', 'R00419']","[1811, 1810]",[],False
1044,2,"['C02792', 'R02046']","[1829, 1827]",[],False
1045,2,"['C02793', 'R02055']","[1823, 1823]",[],False
1046,2,"['C02795', 'R00555']","[1797, 1797]",[],False
1047,2,"['C02796', 'R02765']","[1816, 1816]",[],False
1048,2,"['C02797', 'R00734']","[1820, 1820]",[],False
1049,2,"['C02801', 'R01323']","[1791, 1792]",[],False
1050,2,"['C02802', 'R01172']","[1787, 1789]",[],False
1051,2,"['C02804', 'R01000']","[1812, 1814]",[],False
1052,2,"['C02807', 'R00468']","[1788, 1788]",[],False
1053,2,"['C02808', 'R01836']","[1791, 1790]",[],False
1054,2,"['C02809', 'R02202']","[1833, 1832]",[],False
1055,2,"['C02810', 'R01202']","[1830, 1828]",[],False
1056,2,"['C02814', 'R01525']","[1809, 1810]",[],False
1057,2,"['C02817', 'R02991']","[1798, 1796]",[],False
1058,2,"['C02818', 'R00883']","[1824, 1825]",[],False
1059,2,"['C02819', 'R00888']","[1802, 1801]",[],False
1060,2,"['C02822', 'R00001']","[1809, 1810]",[],False
1061,2,"['C02826', 'R00527']","[1801, 1801]",[],False
1062,2,"['C02828', 'R02651']","[1837, 1837]",[],False
1063,2,"['C02831', 'R02672']","[1798, 1796]",[],False
1064,2,"['C02834', 'R02472']","[1807, 1809]",[],False
1065,2,"['C02837', 'R02244']","[1789, 1789]",[],False
1066,2,"['C02844', 'R00516']","[1797, 1797]",[],False
1067,2,"['C02851', 'R00504']","[1818, 1820]",[],False
1068,2,"['C02852', 'R01737']","[1790, 1790]",[],False
1069,2,"['C02855', 'R02134']","[1829, 1829]",[],False
1070,2,"['C02856', 'R02638']","[1809, 1809]",[],False
1071,2,"['C02858', 'R02190']","[1811, 1811]",[],False
1072,2,"['C02861', 'R02903']","[1834, 1833]",[],False
1073,2,"['C02866', 'R00877']","[1839, 1838]",[],False
1074,2,"['C02870', 'R02408']","[1779, 1781]",[],False
1075,2,"['C02872', 'R01426']","[1832, 1830]",[],False
1076,2,"['C02876', 'R02296']","[1809, 1808]",[],False
1077,2,"['C02879', 'R01147']","[1828, 1827]",[],False
1078,2,"['C02880', 'R02227']","[1836, 1836]",[],False
1079,2,"['C02881', 'R01618']","[1823, 1822]",[],False
1080,2,"['C02884', 'R00154']","[1806, 1807]",[],False
1081,2,"['C02885', 'R00263']","[1818, 1818]",[],False
1082,2,"['C02887', 'R01416']","[1828, 1829]",[],False
1083,2,"['C02888', 'R01905']","[1793, 1793]",[],False
1084,2,"['C02891', 'R01604']","[1801, 1802]",[],False
1085,2,"['C02900', 'R01928']","[1797, 1797]",[],False
1086,2,"['C02903', 'R00073']","[1782, 1781]",[],False
1087,2,"['C02906', 'R00937']","[1836, 1835]",[],False
1088,2,"['C02908', 'R01895']","[1813, 1813]",[],False
1089,2,"['C02910', 'R01306']","[1811, 1813]",[],False
1090,2,"['C02913', 'R01950']","[1825, 1826]",[],False
1091,2,"['C02915', 'R00099']","[1834, 1832]",[],False
1092,2,"['C02916', 'R01313']","[1780, 1779]",[],False
1093,2,"['C02918', 'R01117']","[1799, 1799]",[],False
1094,2,"['C02920', 'R00782']","[1801, 1801]",[],False
1095,2,"['C02922', 'R02606']","[1810, 1808]",[],False
1096,2,"['C02923', 'R01310']","[1806, 1806]",[],False
1097,2,"['C02924', 'R02916']","[1807, 1806]",[],False
1098,2,"['C02925', 'R02657']","[1803, 1802]",[],False
1099,2,"['C02926', 'R02698']","[1806, 1805]",[],False
1100,2,"['C02928', 'R02656']","[1791, 1791]",[],False
1101,2,"['C02929', 'R00780']","[1837, 1837]",[],False
1102,2,"['C02934', 'R01409']","[1798, 1796]",[],False
1103,2,"['C02938', 'R01988']","[1830, 1829]",[],False
1104,2,"['C02941', 'R01016']","[1833, 1834]",[],False
1105,2,"['C02943', 'R02474']","[1833, 1833]",[],False
1106,2,"['C02944', 'R02745']","[1803, 1803]",[],False
1107,2,"['C02945', 'R01459']","[1802, 1801]",[],False
1108,2,"['C02947', 'R01814']","[1804, 1804]",[],False
1109,2,"['C02948', 'R02237']","[1827, 1828]",[],False
1110,2,"['C02949', 'R00157']","[1831, 1831]",[],False
1111,2,"['C02953', 'R01059']","[1822, 1822]",[],False
1112,2,"['C02959', 'R02641']","[1801, 1802]",[],False
1113,2,"['C02960', 'R00575']","[1801, 1800]",[],False
1114,2,"['C02961', 'R01644']","[1838, 1837]",[],False
1115,2,"['C02963', 'R02508']","[1784, 1784]",[],False
1116,2,"['C02966', 'R01578']","[1834, 1835]",[],False
1117,2,"['C02967', 'R02331']","[1796, 1795]",[],False
1118,2,"['C02971', 'R00537']","[1836, 1838]",[],False
1119,2,"['C02974', 'R02561']","[1813, 1814]",[],False
1120,2,"['C02975', 'R02183']","[1828, 1829]",[],False
1121,2,"['C02976', 'R00872']","[1783, 1785]",[],False
1122,2,"['C02979', 'R01826']","[1812, 1812]",[],False
1123,2,"['C02980', 'R01813']","[1831, 1833]",[],False
1124,2,"['C02982', 'R00269']","[1781, 1781]",[],False
1125,2,"['C02983', 'R02744']","[1820, 1820]",[],False
1126,2,"['C02984', 'R00639']","[1801, 1801]",[],False
1127,2,"['C02987', 'R02387']","[1836, 1836]",[],False
1128,2,"['C02992', 'R01299']","[1799, 1801]",[],False
1129,2,"['C02993', 'R00487']","[1787, 1786]",[],False
1130,2,"['C02995', 'R00163']","[1783, 1781]",[],False
1131,2,"['C02998', 'R01686']","[1787, 1787]",[],False
